<?xml version="1.0" encoding="UTF-8"?>
<Costs>
  <costs_euro>0</costs_euro>
  <costs_co2_emission>0</costs_co2_emission>
  <timestamp>2020-03-12 00:08:31</timestamp>
  <Room>
    <PartID>PolytechPolyTestroom_20</PartID>
    <costs_euro>0</costs_euro>
    <costs_co2_emission>0</costs_co2_emission>
    <Rack>
      <PartID>PolytechPolytest_rack_27</PartID>
      <costs_euro>0</costs_euro>
      <costs_co2_emission>0</costs_co2_emission>
      <NodeGroup>
        <PartID>Polytech6nodebox_35</PartID>
        <costs_euro>0</costs_euro>
        <costs_co2_emission>0</costs_co2_emission>
        <Node>
          <PartID>PolytechPolytest001_31</PartID>
          <costs_euro>0</costs_euro>
          <costs_co2_emission>0</costs_co2_emission>
          <Processor>
            <PartID>IntelCorei73615QE_9</PartID>
            <costs_euro>0</costs_euro>
            <costs_co2_emission>0</costs_co2_emission>
          </Processor>
          <Memory>
            <PartID>KingstonValueRAM_1</PartID>
            <costs_euro>0</costs_euro>
            <costs_co2_emission>0</costs_co2_emission>
          </Memory>
        </Node>
        <Node>
          <PartID>PolytechPolytest001_31</PartID>
          <costs_euro>0</costs_euro>
          <costs_co2_emission>0</costs_co2_emission>
          <Processor>
            <PartID>IntelCorei73615QE_9</PartID>
            <costs_euro>0</costs_euro>
            <costs_co2_emission>0</costs_co2_emission>
          </Processor>
          <Memory>
            <PartID>KingstonValueRAM_1</PartID>
            <costs_euro>0</costs_euro>
            <costs_co2_emission>0</costs_co2_emission>
          </Memory>
        </Node>
        <Node>
          <PartID>PolytechPolytest001_31</PartID>
          <costs_euro>0</costs_euro>
          <costs_co2_emission>0</costs_co2_emission>
          <Processor>
            <PartID>IntelCorei73615QE_9</PartID>
            <costs_euro>0</costs_euro>
            <costs_co2_emission>0</costs_co2_emission>
          </Processor>
          <Memory>
            <PartID>KingstonValueRAM_1</PartID>
            <costs_euro>0</costs_euro>
            <costs_co2_emission>0</costs_co2_emission>
          </Memory>
        </Node>
        <Node>
          <PartID>PolytechPolytest001_31</PartID>
          <costs_euro>0</costs_euro>
          <costs_co2_emission>0</costs_co2_emission>
          <Processor>
            <PartID>IntelCorei73615QE_9</PartID>
            <costs_euro>0</costs_euro>
            <costs_co2_emission>0</costs_co2_emission>
          </Processor>
          <Memory>
            <PartID>KingstonValueRAM_1</PartID>
            <costs_euro>0</costs_euro>
            <costs_co2_emission>0</costs_co2_emission>
          </Memory>
        </Node>
        <Node>
          <PartID>PolytechPolytest001_31</PartID>
          <costs_euro>0</costs_euro>
          <costs_co2_emission>0</costs_co2_emission>
          <Processor>
            <PartID>IntelCorei73615QE_9</PartID>
            <costs_euro>0</costs_euro>
            <costs_co2_emission>0</costs_co2_emission>
          </Processor>
          <Memory>
            <PartID>KingstonValueRAM_1</PartID>
            <costs_euro>0</costs_euro>
            <costs_co2_emission>0</costs_co2_emission>
          </Memory>
        </Node>
        <Chassis>
          <PartID>ChristmannRECSBoxPowerUnit_2</PartID>
          <costs_euro>0</costs_euro>
          <costs_co2_emission>0</costs_co2_emission>
        </Chassis>
      </NodeGroup>
    </Rack>
  </Room>
</Costs>
