<?xml version="1.0" encoding="UTF-8"?>
<xsd_1:NodeGroup xmlns:xsd_1="http://www.coolemall.eu/DEBBComponent" xmlns:xsi="http://www.w3.org/2001/XMLSchema-instance" xsi:schemaLocation="http://www.coolemall.eu/DEBBComponent DEBBComponents.xsd" xmlns:version="8.1" >
  <PartID>Polytech6nodebox_35</PartID>
  <Product>Polytech 6-node box</Product>
  <MaxPower>0</MaxPower>
  <MinAllowedTemperature>0</MinAllowedTemperature>
  <MaxAllowedTemperature>0</MaxAllowedTemperature>
  <Type>Intel i7</Type>
  <Reference>
    <Type>STL</Type>
    <Location>./object/148_Sirius_Netzteil_[m].stl</Location>
  </Reference>
  <Reference>
    <Type>VRML</Type>
    <Location>./object/291_Sirius_Netzteil_[m].wrl</Location>
  </Reference>
  <Slot>
    <Number>1</Number>
    <ConnectorType>PS</ConnectorType>
    <Label>Slot_1</Label>
  </Slot>
  <Slot>
    <Number>2</Number>
    <ConnectorType>PS</ConnectorType>
    <Label>Slot_2</Label>
  </Slot>
  <Slot>
    <Number>3</Number>
    <ConnectorType>PS</ConnectorType>
    <Label>Slot_3</Label>
  </Slot>
  <Slot>
    <Number>4</Number>
    <ConnectorType>PS</ConnectorType>
    <Label>Slot_4</Label>
  </Slot>
  <Slot>
    <Number>5</Number>
    <ConnectorType>PS</ConnectorType>
    <Label>Slot_5</Label>
  </Slot>
</xsd_1:NodeGroup>
