<?xml version="1.0" encoding="UTF-8"?>
<xsd_1:Node xmlns:xsd_1="http://www.coolemall.eu/DEBBComponent" xmlns:xsi="http://www.w3.org/2001/XMLSchema-instance" xsi:schemaLocation="http://www.coolemall.eu/DEBBComponent DEBBComponents.xsd" xmlns:version="8.1" >
  <PartID>PolytechPolytest001_31</PartID>
  <Manufacturer>Polytech</Manufacturer>
  <Product>Polytest-001</Product>
  <MinAllowedTemperature>0</MinAllowedTemperature>
  <MaxAllowedTemperature>0</MaxAllowedTemperature>
  <Connector>
    <ConnectorType></ConnectorType>
    <Label>COMExpress</Label>
  </Connector>
  <Baseboard></Baseboard>
  <Processor>
    <PartID>IntelCorei73615QE_9</PartID>
    <Manufacturer>Intel</Manufacturer>
    <Product>Core i7 - 3615QE</Product>
    <MinAllowedTemperature>0</MinAllowedTemperature>
    <MaxAllowedTemperature>0</MaxAllowedTemperature>
    <Type>3615QE</Type>
    <MaxClockSpeed>3300</MaxClockSpeed>
    <Cores>4</Cores>
    <VirtualCoresPerCore>2</VirtualCoresPerCore>
    <PState>
      <State>1</State>
      <Frequency>1200</Frequency>
      <Voltage>1</Voltage>
      <LoadPowerUsage>
        <Load>25</Load>
        <PowerUsage>13.25</PowerUsage>
      </LoadPowerUsage>
      <LoadPowerUsage>
        <Load>50</Load>
        <PowerUsage>14.75</PowerUsage>
      </LoadPowerUsage>
      <LoadPowerUsage>
        <Load>100</Load>
        <PowerUsage>18.5</PowerUsage>
      </LoadPowerUsage>
      <LoadPowerUsage>
        <Load>12.5</Load>
        <PowerUsage>13</PowerUsage>
      </LoadPowerUsage>
    </PState>
    <PState>
      <State>2</State>
      <Frequency>1300</Frequency>
      <Voltage>1</Voltage>
      <LoadPowerUsage>
        <Load>25</Load>
        <PowerUsage>14.25</PowerUsage>
      </LoadPowerUsage>
      <LoadPowerUsage>
        <Load>50</Load>
        <PowerUsage>16.5</PowerUsage>
      </LoadPowerUsage>
      <LoadPowerUsage>
        <Load>12.5</Load>
        <PowerUsage>13.25</PowerUsage>
      </LoadPowerUsage>
      <LoadPowerUsage>
        <Load>100</Load>
        <PowerUsage>20.5</PowerUsage>
      </LoadPowerUsage>
    </PState>
    <PState>
      <State>3</State>
      <Frequency>1400</Frequency>
      <Voltage>1</Voltage>
      <LoadPowerUsage>
        <Load>25</Load>
        <PowerUsage>14.5</PowerUsage>
      </LoadPowerUsage>
      <LoadPowerUsage>
        <Load>50</Load>
        <PowerUsage>16.5</PowerUsage>
      </LoadPowerUsage>
      <LoadPowerUsage>
        <Load>12.5</Load>
        <PowerUsage>13.75</PowerUsage>
      </LoadPowerUsage>
      <LoadPowerUsage>
        <Load>100</Load>
        <PowerUsage>21.5</PowerUsage>
      </LoadPowerUsage>
    </PState>
    <PState>
      <State>4</State>
      <Frequency>1500</Frequency>
      <Voltage>1</Voltage>
      <LoadPowerUsage>
        <Load>25</Load>
        <PowerUsage>14.25</PowerUsage>
      </LoadPowerUsage>
      <LoadPowerUsage>
        <Load>50</Load>
        <PowerUsage>16</PowerUsage>
      </LoadPowerUsage>
      <LoadPowerUsage>
        <Load>12.5</Load>
        <PowerUsage>13.75</PowerUsage>
      </LoadPowerUsage>
      <LoadPowerUsage>
        <Load>100</Load>
        <PowerUsage>20.75</PowerUsage>
      </LoadPowerUsage>
    </PState>
    <PState>
      <State>5</State>
      <Frequency>1600</Frequency>
      <Voltage>1</Voltage>
      <LoadPowerUsage>
        <Load>25</Load>
        <PowerUsage>14.75</PowerUsage>
      </LoadPowerUsage>
      <LoadPowerUsage>
        <Load>50</Load>
        <PowerUsage>16</PowerUsage>
      </LoadPowerUsage>
      <LoadPowerUsage>
        <Load>12.5</Load>
        <PowerUsage>14.25</PowerUsage>
      </LoadPowerUsage>
      <LoadPowerUsage>
        <Load>100</Load>
        <PowerUsage>22.5</PowerUsage>
      </LoadPowerUsage>
    </PState>
    <PState>
      <State>6</State>
      <Frequency>1700</Frequency>
      <Voltage>1</Voltage>
      <LoadPowerUsage>
        <Load>25</Load>
        <PowerUsage>14</PowerUsage>
      </LoadPowerUsage>
      <LoadPowerUsage>
        <Load>50</Load>
        <PowerUsage>15.25</PowerUsage>
      </LoadPowerUsage>
      <LoadPowerUsage>
        <Load>12.5</Load>
        <PowerUsage>13.5</PowerUsage>
      </LoadPowerUsage>
      <LoadPowerUsage>
        <Load>100</Load>
        <PowerUsage>24.5</PowerUsage>
      </LoadPowerUsage>
    </PState>
    <PState>
      <State>7</State>
      <Frequency>1800</Frequency>
      <Voltage>1</Voltage>
      <LoadPowerUsage>
        <Load>25</Load>
        <PowerUsage>15.5</PowerUsage>
      </LoadPowerUsage>
      <LoadPowerUsage>
        <Load>50</Load>
        <PowerUsage>20.25</PowerUsage>
      </LoadPowerUsage>
      <LoadPowerUsage>
        <Load>12.5</Load>
        <PowerUsage>13.75</PowerUsage>
      </LoadPowerUsage>
      <LoadPowerUsage>
        <Load>100</Load>
        <PowerUsage>23.5</PowerUsage>
      </LoadPowerUsage>
    </PState>
    <PState>
      <State>8</State>
      <Frequency>1900</Frequency>
      <Voltage>1</Voltage>
      <LoadPowerUsage>
        <Load>25</Load>
        <PowerUsage>16.5</PowerUsage>
      </LoadPowerUsage>
      <LoadPowerUsage>
        <Load>50</Load>
        <PowerUsage>21.75</PowerUsage>
      </LoadPowerUsage>
      <LoadPowerUsage>
        <Load>12.5</Load>
        <PowerUsage>15.5</PowerUsage>
      </LoadPowerUsage>
      <LoadPowerUsage>
        <Load>100</Load>
        <PowerUsage>24.5</PowerUsage>
      </LoadPowerUsage>
    </PState>
    <PState>
      <State>9</State>
      <Frequency>2000</Frequency>
      <Voltage>1</Voltage>
      <LoadPowerUsage>
        <Load>25</Load>
        <PowerUsage>17.75</PowerUsage>
      </LoadPowerUsage>
      <LoadPowerUsage>
        <Load>50</Load>
        <PowerUsage>21.25</PowerUsage>
      </LoadPowerUsage>
      <LoadPowerUsage>
        <Load>12.5</Load>
        <PowerUsage>13.75</PowerUsage>
      </LoadPowerUsage>
      <LoadPowerUsage>
        <Load>100</Load>
        <PowerUsage>26.5</PowerUsage>
      </LoadPowerUsage>
    </PState>
    <PState>
      <State>10</State>
      <Frequency>2100</Frequency>
      <Voltage>1</Voltage>
      <LoadPowerUsage>
        <Load>25</Load>
        <PowerUsage>15.5</PowerUsage>
      </LoadPowerUsage>
      <LoadPowerUsage>
        <Load>50</Load>
        <PowerUsage>17.5</PowerUsage>
      </LoadPowerUsage>
      <LoadPowerUsage>
        <Load>12.5</Load>
        <PowerUsage>13.5</PowerUsage>
      </LoadPowerUsage>
      <LoadPowerUsage>
        <Load>100</Load>
        <PowerUsage>25.75</PowerUsage>
      </LoadPowerUsage>
    </PState>
    <PState>
      <State>11</State>
      <Frequency>2200</Frequency>
      <Voltage>1</Voltage>
      <LoadPowerUsage>
        <Load>25</Load>
        <PowerUsage>14.5</PowerUsage>
      </LoadPowerUsage>
      <LoadPowerUsage>
        <Load>50</Load>
        <PowerUsage>18.75</PowerUsage>
      </LoadPowerUsage>
      <LoadPowerUsage>
        <Load>12.5</Load>
        <PowerUsage>13.5</PowerUsage>
      </LoadPowerUsage>
      <LoadPowerUsage>
        <Load>100</Load>
        <PowerUsage>26.75</PowerUsage>
      </LoadPowerUsage>
    </PState>
    <PState>
      <State>12</State>
      <Frequency>2300</Frequency>
      <Voltage>1</Voltage>
      <LoadPowerUsage>
        <Load>25</Load>
        <PowerUsage>14.5</PowerUsage>
      </LoadPowerUsage>
      <LoadPowerUsage>
        <Load>50</Load>
        <PowerUsage>25.5</PowerUsage>
      </LoadPowerUsage>
      <LoadPowerUsage>
        <Load>12.5</Load>
        <PowerUsage>12.5</PowerUsage>
      </LoadPowerUsage>
      <LoadPowerUsage>
        <Load>100</Load>
        <PowerUsage>30</PowerUsage>
      </LoadPowerUsage>
    </PState>
    <PState>
      <State>13</State>
      <Frequency>2301</Frequency>
      <Voltage>1</Voltage>
      <LoadPowerUsage>
        <Load>25</Load>
        <PowerUsage>22.5</PowerUsage>
      </LoadPowerUsage>
      <LoadPowerUsage>
        <Load>50</Load>
        <PowerUsage>32.5</PowerUsage>
      </LoadPowerUsage>
      <LoadPowerUsage>
        <Load>12.5</Load>
        <PowerUsage>19.25</PowerUsage>
      </LoadPowerUsage>
      <LoadPowerUsage>
        <Load>100</Load>
        <PowerUsage>50</PowerUsage>
      </LoadPowerUsage>
    </PState>
    <CState>
      <State>1</State>
      <PowerUsage>13</PowerUsage>
    </CState>
    <TDP>45</TDP>
  </Processor>
  <Memory>
    <PartID>KingstonValueRAM_1</PartID>
    <Manufacturer>Kingston</Manufacturer>
    <Product>ValueRAM</Product>
    <Type>KVR800D2S6/2G</Type>
    <Capacity>2048</Capacity>
  </Memory>
</xsd_1:Node>
