<?xml version="1.0" encoding="utf-8"?>
<PLMXML xmlns="http://www.plmxml.org/Schemas/PLMXMLSchema" xmlns:vis="PLMXMLTcVisSchema" xmlns:xsi="http://www.w3.org/2001/XMLSchema-instance" schemaVersion="6" date="2020-03-12" time="00:08:31" author="anon." xsi:schemaLocation="http://www.plmxml.org/Schemas/PLMXMLSchema PLMXMLSchema.xsd">
  <ProductDef id="id1">
    <InstanceGraph id="id2" rootRefs="inst20_8">
      <ProductRevisionView id="iview31_1" name="calcul_node01">
        <UserData id="iview31_1_1">
          <UserValue value="Node" title="DEBBLevel"></UserValue>
          <UserValue value="PolytechPolytest001_31" title="DEBBComponentId"></UserValue>
          <UserValue value="Node_PolytechPolytest001_31.xml" title="DEBBComponentFile"></UserValue>
        </UserData>
        <Bound id="iview31_1_bound" values="0 0 0 0 0 0"></Bound>
      </ProductRevisionView>
      <ProductInstance id="inst31_1" name="calcul_node01" partRef="iview31_1">
        <UserData id="inst31_1_1">
          <UserValue value="calcul_node_inst31_1" title="label"></UserValue>
        </UserData>
        <Transform id="id31_1">1 0 0 0 0 1 0 0 0 0 1 0 0.03 0.02 0 1</Transform>
      </ProductInstance>
      <ProductRevisionView id="iview31_2" name="calcul_node02">
        <UserData id="iview31_2_1">
          <UserValue value="Node" title="DEBBLevel"></UserValue>
          <UserValue value="PolytechPolytest001_31" title="DEBBComponentId"></UserValue>
          <UserValue value="Node_PolytechPolytest001_31.xml" title="DEBBComponentFile"></UserValue>
        </UserData>
        <Bound id="iview31_2_bound" values="0 0 0 0 0 0"></Bound>
      </ProductRevisionView>
      <ProductInstance id="inst31_2" name="calcul_node02" partRef="iview31_2">
        <UserData id="inst31_2_1">
          <UserValue value="calcul_node_inst31_1" title="label"></UserValue>
        </UserData>
        <Transform id="id31_2">1 0 0 0 0 1 0 0 0 0 1 0 0.1 0.02 0 1</Transform>
      </ProductInstance>
      <ProductRevisionView id="iview31_3" name="calcul_node03">
        <UserData id="iview31_3_1">
          <UserValue value="Node" title="DEBBLevel"></UserValue>
          <UserValue value="PolytechPolytest001_31" title="DEBBComponentId"></UserValue>
          <UserValue value="Node_PolytechPolytest001_31.xml" title="DEBBComponentFile"></UserValue>
        </UserData>
        <Bound id="iview31_3_bound" values="0 0 0 0 0 0"></Bound>
      </ProductRevisionView>
      <ProductInstance id="inst31_3" name="calcul_node03" partRef="iview31_3">
        <UserData id="inst31_3_1">
          <UserValue value="calcul_node_inst31_1" title="label"></UserValue>
        </UserData>
        <Transform id="id31_3">1 0 0 0 0 1 0 0 0 0 1 0 0.17 0.02 0 1</Transform>
      </ProductInstance>
      <ProductRevisionView id="iview31_4" name="calcul_node04">
        <UserData id="iview31_4_1">
          <UserValue value="Node" title="DEBBLevel"></UserValue>
          <UserValue value="PolytechPolytest001_31" title="DEBBComponentId"></UserValue>
          <UserValue value="Node_PolytechPolytest001_31.xml" title="DEBBComponentFile"></UserValue>
        </UserData>
        <Bound id="iview31_4_bound" values="0 0 0 0 0 0"></Bound>
      </ProductRevisionView>
      <ProductInstance id="inst31_4" name="calcul_node04" partRef="iview31_4">
        <UserData id="inst31_4_1">
          <UserValue value="calcul_node_inst31_1" title="label"></UserValue>
        </UserData>
        <Transform id="id31_4">1 0 0 0 0 1 0 0 0 0 1 0 0.24 0.02 0 1</Transform>
      </ProductInstance>
      <ProductRevisionView id="iview31_5" name="calcul_node05">
        <UserData id="iview31_5_1">
          <UserValue value="Node" title="DEBBLevel"></UserValue>
          <UserValue value="PolytechPolytest001_31" title="DEBBComponentId"></UserValue>
          <UserValue value="Node_PolytechPolytest001_31.xml" title="DEBBComponentFile"></UserValue>
        </UserData>
        <Bound id="iview31_5_bound" values="0 0 0 0 0 0"></Bound>
      </ProductRevisionView>
      <ProductInstance id="inst31_5" name="calcul_node05" partRef="iview31_5">
        <UserData id="inst31_5_1">
          <UserValue value="calcul_node_inst31_1" title="label"></UserValue>
        </UserData>
        <Transform id="id31_5">1 0 0 0 0 1 0 0 0 0 1 0 0.31 0.02 0 1</Transform>
      </ProductInstance>
      <ProductRevisionView id="iview35_6" name="recs1" instanceRefs="inst31_1 inst31_2 inst31_3 inst31_4 inst31_5">
        <UserData id="iview35_6_1">
          <UserValue value="NodeGroup" title="DEBBLevel"></UserValue>
          <UserValue value="Polytech6nodebox_35" title="DEBBComponentId"></UserValue>
          <UserValue value="NodeGroup_Polytech6nodebox_35.xml" title="DEBBComponentFile"></UserValue>
        </UserData>
        <Bound id="iview35_6_bound" values="0 0 0 0 0 0"></Bound>
        <Representation id="iview35_6_objects_X148_Sirius_Netzteil_m_stl" format="STL" location="./objects/X148_Sirius_Netzteil_[m].stl"></Representation>
        <Representation id="iview35_6_objects_X291_Sirius_Netzteil_m_wrl" format="VRML" location="./objects/X291_Sirius_Netzteil_[m].wrl"></Representation>
      </ProductRevisionView>
      <ProductInstance id="inst35_6" name="recs1" partRef="iview35_6">
        <UserData id="inst35_6_1">
          <UserValue value="recs_inst35_1" title="label"></UserValue>
        </UserData>
        <Transform id="id35_6">1 0 0 0 0 1 0 0 0 0 1 0 0 0 0.5 1</Transform>
      </ProductInstance>
      <ProductRevisionView id="iview27_7" name="rack1" instanceRefs="inst35_6">
        <UserData id="iview27_7_1">
          <UserValue value="Rack" title="DEBBLevel"></UserValue>
          <UserValue value="PolytechPolytest_rack_27" title="DEBBComponentId"></UserValue>
          <UserValue value="Rack_PolytechPolytest_rack_27.xml" title="DEBBComponentFile"></UserValue>
          <UserValue value="" title="FlowDirection"></UserValue>
        </UserData>
        <Bound id="iview27_7_bound" values="0 0 0 1.5 1 1"></Bound>
      </ProductRevisionView>
      <ProductInstance id="inst27_7" name="rack1" partRef="iview27_7">
        <UserData id="inst27_7_1">
          <UserValue value="rack_inst27_1" title="label"></UserValue>
          <UserValue title="CurrentPowerUsage" value="50"></UserValue>
        </UserData>
        <Transform id="id27_7">1 0 0 0 0 1 0 0 0 0 1 0 0.9 0.7 0 1</Transform>
      </ProductInstance>
      <ProductRevisionView id="iview20_8" name="room1" instanceRefs="inst27_7">
        <UserData id="iview20_8_1">
          <UserValue value="Room" title="DEBBLevel"></UserValue>
          <UserValue value="PolytechPolyTestroom_20" title="DEBBComponentId"></UserValue>
          <UserValue value="Room_PolytechPolyTestroom_20.xml" title="DEBBComponentFile"></UserValue>
          <UserValue value="100 50 10" title="MeshResolution"></UserValue>
        </UserData>
        <Bound id="iview20_8_bound" values="-0.01 -0.01 -0.01 4.71 3.51 2.51"></Bound>
      </ProductRevisionView>
      <ProductInstance id="inst20_8" name="room1" partRef="iview20_8">
        <UserData id="inst20_8_1">
          <UserValue value="Polytech" title="location"></UserValue>
          <UserValue value="room_inst20_1" title="label"></UserValue>
        </UserData>
      </ProductInstance>
    </InstanceGraph>
  </ProductDef>
</PLMXML>
